ticker,sector,aliases
AADI,BATUBARA,AADI|Adaro Andalan|Adaro Andalan Indonesia
AALI,PANGAN,AALI|Astra Agro|Astra Agro Lestari
ABBA,PENERBITAN,ABBA|Mahaka Media
ABDA,ASURANSI,ABDA|Asuransi Bina|Asuransi Bina Dana Arta
ABMM,BATUBARA,ABMM|Abm Investama
ACES,RUMAHTANGGA,ACES|Ace Hardware|Ace Hardware Indonesia
ACRO,TEKSTIL,ACRO|Samcro Hyosung|Samcro Hyosung Adilestari
ACST,KONSTRUKSI,ACST|Acset Indonusa
ADCP,REALESTATE,ADCP|Adhi Commuter|Adhi Commuter Properti
ADES,MINUMAN,ADES|Akasha Wira|Akasha Wira International
ADHI,KONSTRUKSI,ADHI|Adhi Karya
ADMF,PEMBIAYAAN,ADMF|Adira Dinamika|Adira Dinamika Multi Finance
ADMG,KIMIA,ADMG|Polychem Indonesia
ADMR,BATUBARA,ADMR|Adaro Minerals|Adaro Minerals Indonesia
ADRO,BATUBARA,ADRO|Adaro Energi|Adaro Energi Indonesia
AEGS,OTOMOTIF,AEGS|Anugerah Spareparts|Anugerah Spareparts Sejahtera
AGAR,BUDIDAYA,AGAR|Asia Sejahtera|Asia Sejahtera Mina
AGII,KIMIA,AGII|Aneka Gas|Aneka Gas Industri
AGRO,BANK,AGRO|Bank Raya|Bank Raya Indonesia
AGRS,BANK,AGRS|Bank Ibk|Bank Ibk Indonesia
AHAP,ASURANSI,AHAP|Asuransi Harta|Asuransi Harta Aman Pratama
AIMS,BATUBARA,AIMS|Akbar Indo|Akbar Indo Makmur Stimec
AISA,MAKANAN,AISA|Fks Food|Fks Food Sejahtera
AKKU,HOTEL,AKKU|Anugerah Kagum|Anugerah Kagum Karya Utama
AKPI,KIMIA,AKPI|Argha Karya|Argha Karya Prima Industry
AKRA,TAMBANG,AKRA|Akr Corporindo
AKSI,LOGISTIK,AKSI|Mineral Sumberdaya|Mineral Sumberdaya Mandiri
ALDO,PLASTIK,ALDO|Alkindo Naratama
ALII,BATUBARA,ALII|Ancara Logistics|Ancara Logistics Indonesia
ALKA,LOGAM,ALKA|Alakasa Industrindo
ALMI,LOGAM,ALMI|Alumindo Light|Alumindo Light Metal Industry
ALTO,MINUMAN,ALTO|Tri Banyan|Tri Banyan Tirta
AMAG,ASURANSI,AMAG|Asuransi Multi|Asuransi Multi Artha Guna
AMAN,REALESTATE,AMAN|Makmur Berkah|Makmur Berkah Amanda
AMAR,BANK,AMAR|Bank Amar|Bank Amar Indonesia
AMFG,BANGUNAN,AMFG|Asahimas Flat|Asahimas Flat Glass
AMIN,MESIN,AMIN|Ateliers Mecaniques|Ateliers Mecaniques D'Indonesie
AMMN,TEMBAGA,AMMN|Amman Mineral|Amman Mineral Internasional
AMMS,BUDIDAYA,AMMS|Agung Menjangan|Agung Menjangan Mas
AMOR,INVESTASI,AMOR|Ashmore Asset|Ashmore Asset Management Indonesia
AMRT,SUPERMARKET,AMRT|Sumber Alfaria|Sumber Alfaria Trijaya
ANDI,PANGAN,ANDI|Andira Agro
ANJT,PANGAN,ANJT|Austindo Nusantara|Austindo Nusantara Jaya
ANTM,TAMBANG,ANTM|Aneka Tambang
APEX,TAMBANG,APEX|Apexindo Pratama|Apexindo Pratama Duta
APIC,INVESTASI,APIC|Pacific Strategic|Pacific Strategic Financial
APII,MESIN,APII|Arita Prima|Arita Prima Indonesia
APLI,KIMIA,APLI|Asiaplast Industries
APLN,REALESTATE,APLN|Agung Podomoro|Agung Podomoro Land
ARCI,EMAS,ARCI|Archi Indonesia
AREA,SOFTWARE,AREA|Dunia Virtual|Dunia Virtual Online
ARGO,TEKSTIL,ARGO|Argo Pantes
ARII,BATUBARA,ARII|Atlas Resources
ARKA,MESIN,ARKA|Arkha Jayanti|Arkha Jayanti Persada
ARKO,LISTRIK,ARKO|Arkora Hydro|Arkora Hydro Ptt
ARMY,REALESTATE,ARMY|Armidian Karyatama
ARNA,BANGUNAN,ARNA|Arwana Citramulia
ARTA,HOTEL,ARTA|Arthavest
ARTI,TAMBANG,ARTI|Ratu Prabu|Ratu Prabu Energi
ARTO,BANK,ARTO|Bank Jago
ASBI,ASURANSI,ASBI|Asuransi Bintang
ASDM,ASURANSI,ASDM|Asuransi Dayin|Asuransi Dayin Mitra
ASGR,KONSULTASI,ASGR|Astra Graphia
ASHA,BUDIDAYA,ASHA|Cilacap Samudera|Cilacap Samudera Fishing Industry
ASII,MULTISEKTOR,ASII|Astra International
ASJT,ASURANSI,ASJT|Asuransi Jasa|Asuransi Jasa Taina
ASLC,OTOMOTIF,ASLC|Autopedia Sukses|Autopedia Sukses Lestari
ASLI,KONSTRUKSI,ASLI|Asri Karya|Asri Karya Lestari
ASMI,ASURANSI,ASMI|Asuransi Maximus|Asuransi Maximus Graha Persada
ASPI,REALESTATE,ASPI|Andalan Sakti|Andalan Sakti Primaindo
ASPR,PLASTIK,ASPR|Asia Pramulia
ASRI,REALESTATE,ASRI|Alam Sutera|Alam Sutera Realty
ASRM,ASURANSI,ASRM|Asuransi Ramayana
ASSA,TRANSPORTASI,ASSA|Adi Sarana|Adi Sarana Armada
ATAP,REALESTATE,ATAP|Trimitra Prawara|Trimitra Prawara Goldland
ATIC,TEKNOLOGI,ATIC|Anabatic Technologies
ATLA,TAMBANG,ATLA|Atlantis Subsea|Atlantis Subsea Indonesia
AUTO,OTOMOTIF,AUTO|Astra Otoparts
AVIA,KIMIA,AVIA|Avia Avian
AWAN,INTERNET,AWAN|Era Digital|Era Digital Media
AXIO,KOMPUTER,AXIO|Tera Data|Tera Data Indonusa
AYAM,BUDIDAYA,AYAM|Janu Putra|Janu Putra Sejahtera
AYLS,MATERIAL,AYLS|Agro Yasa|Agro Yasa Lestari
BABP,BANK,BABP|Bank Mnc|Bank Mnc Internasional
BABY,TEKSTIL,BABY|Multitrend Indo
BACA,BANK,BACA|Bank Capital|Bank Capital Indonesia
BAIK,RUMAHMAKAN,BAIK|Bersama Mencapai|Bersama Mencapai Puncak
BAJA,LOGAM,BAJA|Saranacentral Bajatama
BALI,TELEKOMUNIKASI,BALI|Bali Towerindo|Bali Towerindo Sentra
BANK,BANK,BANK|Bank Aladin|Bank Aladin Syariah
BAPA,REALESTATE,BAPA|Bekasi Asri|Bekasi Asri Pemula
BAPI,REALESTATE,BAPI|Bhakti Agung|Bhakti Agung Propertindo
BATA,SEPATU,BATA|Sepatu Bata
BATR,MATERIAL,BATR|Benteng Api|Benteng Api Technic
BAUT,RUMAHTANGGA,BAUT|Mitra Angkasa|Mitra Angkasa Sejahtera
BAYU,TRAVEL,BAYU|Bayu Buana
BBCA,BANK,BBCA|Bank Central|Bank Central Asia
BBHI,BANK,BBHI|Allo Bank|Allo Bank Indonesia
BBKP,BANK,BBKP|Bank Kb|Bank Kb Bukopin
BBLD,PEMBIAYAAN,BBLD|Buana Finance
BBMD,BANK,BBMD|Bank Mestika|Bank Mestika Dharma
BBNI,BANK,BBNI|Bank Negara|Bank Negara Indonesia
BBRI,BANK,BBRI|Bank Rakyat|Bank Rakyat Indonesia
BBRM,BATUBARA,BBRM|Pelayaran Nasional|Pelayaran Nasional Bina Buana Ray
BBSI,BANK,BBSI|Bank Bisnis|Bank Bisnis Internasional
BBSS,REALESTATE,BBSS|Bumi Benowo|Bumi Benowo Sukses Sejahtera
BBTN,BANK,BBTN|Bank Tabungan|Bank Tabungan Negara
BBYB,BANK,BBYB|Bank Neo|Bank Neo Commerce
BCAP,INVESTASI,BCAP|Mnc Kapital|Mnc Kapital Indonesia
BCIC,BANK,BCIC|Bank Jtrust|Bank Jtrust Indonesia
BCIP,REALESTATE,BCIP|Bumi Citra|Bumi Citra Permai
BDKR,KONSTRUKSI,BDKR|Berdikari Pondasi|Berdikari Pondasi Perkasa
BDMN,BANK,BDMN|Bank Danamon|Bank Danamon Indonesia
BEBS,MATERIAL,BEBS|Berkah Beton|Berkah Beton Sadaya
BEEF,MAKANAN,BEEF|Estika Tata|Estika Tata Tiara
BEER,BEER,BEER|Jobubu Jarum|Jobubu Jarum Minahasa
BEKS,BANK,BEKS|Bank Pembangunan|Bank Pembangunan Daerah Banten
BELI,INTERNET,BELI|Global Digital|Global Digital Niaga
BELL,TEKSTIL,BELL|Trisula Textile|Trisula Textile Industries
BESS,BATUBARA,BESS|Batulicin Nusantara|Batulicin Nusantara Maritim
BEST,REALESTATE,BEST|Bekasi Fajar|Bekasi Fajar Industrial Estate
BFIN,PEMBIAYAAN,BFIN|Bfi Finance|Bfi Finance Indonesia
BGTG,BANK,BGTG|Bank Ganesha
BHAT,ASURANSI,BHAT|Bhakti Multi|Bhakti Multi Artha
BHIT,MULTISEKTOR,BHIT|Mnc Investama
BIKA,REALESTATE,BIKA|Binakarya Jaya|Binakarya Jaya Abadi
BIKE,OLAHRAGA,BIKE|Sepeda Bersama|Sepeda Bersama Indonesia
BIMA,SEPATU,BIMA|Primarindo Asia|Primarindo Asia Infrastructure
BINA,BANK,BINA|Bank Ina|Bank Ina Perdana
BINO,KANTORAN,BINO|Perma Plasindo
BIPI,TAMBANG,BIPI|Astrindo Nusantara|Astrindo Nusantara Infrastruktur
BIPP,REALESTATE,BIPP|Bhuwanatala Indah|Bhuwanatala Indah Permai
BIRD,TRANSPORTASI,BIRD|Blue Bird
BISI,PANGAN,BISI|Bisi International
BJBR,BANK,BJBR|Bank Pmbngn|Bank Pmbngn Daerh Jawa Brt Dn Btn
BJTM,BANK,BJTM|Bank Pembangunan|Bank Pembangunan Daerah Jawa Timr
BKDP,REALESTATE,BKDP|Bukit Darmo|Bukit Darmo Property
BKSL,REALESTATE,BKSL|Sentul City
BKSW,BANK,BKSW|Bank Qnb|Bank Qnb Indonesia
BLES,MATERIAL,BLES|Superior Prima|Superior Prima Sukses
BLOG,LOGISTIK,BLOG|Trimitra Trans|Trimitra Trans Persada
BLTA,LOGISTIK,BLTA|Berlian Laju|Berlian Laju Tanker
BLTZ,REKREASI,BLTZ|Graha Layar|Graha Layar Prima
BLUE,KANTORAN,BLUE|Berkah Prima|Berkah Prima Perkasa
BMAS,BANK,BMAS|Bank Maspion|Bank Maspion Indonesia
BMBL,BIMBEL,BMBL|Lavender Bina|Lavender Bina Cendikia
BMHS,KESEHATAN,BMHS|Bundamedik
BMRI,BANK,BMRI|Bank Mandiri
BMSR,KIMIA,BMSR|Bintang Mitra|Bintang Mitra Semestaraya
BMTR,PERIKLANAN,BMTR|Global Mediacom
BNBA,BANK,BNBA|Bank Bumi|Bank Bumi Arta
BNBR,MULTISEKTOR,BNBR|Bakrie &|Bakrie & Brothers
BNGA,BANK,BNGA|Bank Cimb|Bank Cimb Niaga
BNII,BANK,BNII|Bank Maybank|Bank Maybank Indonesia
BNLI,BANK,BNLI|Bank Permata
BOAT,TAMBANG,BOAT|Newport Marine|Newport Marine Services
BOBA,MAKANAN,BOBA|Formosa Ingredient|Formosa Ingredient Factory
BOGA,OTOMOTIF,BOGA|Bintang Oto|Bintang Oto Global
BOLA,REKREASI,BOLA|Bali Bintang|Bali Bintang Sejahtera
BOLT,OTOMOTIF,BOLT|Garuda Metalindo
BOSS,BATUBARA,BOSS|Borneo Olah|Borneo Olah Sarana Sukses
BPFI,PEMBIAYAAN,BPFI|Batavia Prosperindo|Batavia Prosperindo Finance
BPII,INVESTASI,BPII|Batavia Prosperindo|Batavia Prosperindo Internasional
BPTR,TRANSPORTASI,BPTR|Batavia Prosperindo|Batavia Prosperindo Trans
BRAM,BAN,BRAM|Indo Kordsa
BREN,LISTRIK,BREN|Barito Renewables|Barito Renewables Energi
BRIS,BANK,BRIS|Bank Syariah|Bank Syariah Indonesia
BRMS,TAMBANG,BRMS|Bumi Resources|Bumi Resources Minerals
BRNA,PLASTIK,BRNA|Berlina
BRPT,KIMIA,BRPT|Barito Pacific
BRRC,MAKANAN,BRRC|Raja Roti|Raja Roti Cemerlang
BSBK,REALESTATE,BSBK|Wulandari Bangun|Wulandari Bangun Laksana
BSDE,REALESTATE,BSDE|Bumi Serpong|Bumi Serpong Damai
BSIM,BANK,BSIM|Bank Sinarmas
BSML,BATUBARA,BSML|Bintang Samudera|Bintang Samudera Mandiri Lines
BSSR,BATUBARA,BSSR|Baramulti Suksessarana
BSWD,BANK,BSWD|Bank Of|Bank Of India Indonesia
BTEK,PANGAN,BTEK|Bumi Teknokultura|Bumi Teknokultura Unggul
BTEL,TELEKOMUNIKASI,BTEL|Bakrie Telecom
BTON,LOGAM,BTON|Betonjaya Manunggal
BTPN,BANK,BTPN|Bank Btpn
BTPS,BANK,BTPS|Bank Btpn|Bank Btpn Syariah
BUAH,MAKANAN,BUAH|Segar Kumala|Segar Kumala Indonesia
BUDI,MAKANAN,BUDI|Budi Starch|Budi Starch & Sweetener
BUKA,INTERNET,BUKA|Bukalapakcom
BUKK,KONSTRUKSI,BUKK|Bukaka Teknik|Bukaka Teknik Utama
BULL,TAMBANG,BULL|Buana Lintas|Buana Lintas Lautan
BUMI,BATUBARA,BUMI|Bumi Resources
BUVA,HOTEL,BUVA|Bukit Uluwatu|Bukit Uluwatu Villa
BVIC,BANK,BVIC|Bank Victoria|Bank Victoria International
BWPT,PANGAN,BWPT|Eagle High|Eagle High Plantations
BYAN,BATUBARA,BYAN|Bayan Resources
CAKK,BANGUNAN,CAKK|Cahayaputra Asa|Cahayaputra Asa Keramik
CAMP,SUSU,CAMP|Campina Ice|Campina Ice Cream Industry
CANI,BATUBARA,CANI|Capitol Nusantara|Capitol Nusantara Indonesia
CARE,KESEHATAN,CARE|Metro Kesehatan|Metro Kesehatan Indonesia
CARS,OTOMOTIF,CARS|Industri Dan|Industri Dan Perdagangn Bntrc Dhm
CASA,INVESTASI,CASA|Capital Financial|Capital Financial Indonesia
CASH,INTERNET,CASH|Cashlez Worldwide|Cashlez Worldwide Indonesia
CASS,PENERBANGAN,CASS|Cardig Aero|Cardig Aero Services
CBDK,REALESTATE,CBDK|Bangun Kosambi|Bangun Kosambi Sukses
CBMF,FURNITUR,CBMF|Cahaya Bintang|Cahaya Bintang Medan
CBPE,REALESTATE,CBPE|Citra Buana|Citra Buana Prasida
CBRE,BATUBARA,CBRE|Cakra Buana|Cakra Buana Resources Energi
CBUT,PANGAN,CBUT|Citra Borneo|Citra Borneo Utama
CCSI,KABEL,CCSI|Communication Cbl|Communication Cbl Sys Indisa
CDIA,LISTRIK,CDIA|Chandra Daya|Chandra Daya Investasi
CEKA,MAKANAN,CEKA|Wilmar Cahaya|Wilmar Cahaya Indonesia
CENT,TELEKOMUNIKASI,CENT|Centratama Telekomuniks|Centratama Telekomuniks Indonesia
CFIN,PEMBIAYAAN,CFIN|Clipan Finance|Clipan Finance Indonesia
CGAS,TAMBANG,CGAS|Citra Nusantara|Citra Nusantara Gemilang
CHEK,ALATKESEHATAN,CHEK|Diastika Biotekindo
CHEM,KIMIA,CHEM|Chemstar Indonesia
CHIP,ELEKTRONIK,CHIP|Pelita Teknologi|Pelita Teknologi Global
CINT,FURNITUR,CINT|Chitose Internasional
CITA,LOGAM,CITA|Cita Mineral|Cita Mineral Investindo
CITY,REALESTATE,CITY|Natura City|Natura City Developments
CLAY,HOTEL,CLAY|Citra Putra|Citra Putra Realty
CLEO,MINUMAN,CLEO|Sariguna Primatirta
CLPI,KIMIA,CLPI|Colorpak Indonesia
CMNP,JALANTOL,CMNP|Citra Marga|Citra Marga Nusaphala Persada
CMNT,MATERIAL,CMNT|Cemindo Gemilang
CMPP,PENERBANGAN,CMPP|Airasia Indonesia
CMRY,SUSU,CMRY|Cisarua Mountain|Cisarua Mountain Dairy
CNKO,BATUBARA,CNKO|Exploitasi Energi|Exploitasi Energi Indonesia
CNMA,REKREASI,CNMA|Nusantara Sejahtera|Nusantara Sejahtera Raya
CNTX,TEKSTIL,CNTX|Century Textile|Century Textile Industry Seri A Pref Shs
COAL,BATUBARA,COAL|Black Diamond|Black Diamond Resources
COCO,MAKANAN,COCO|Wahana Interfood|Wahana Interfood Nusantara
COIN,INVESTASI,COIN|Indokripto Koin|Indokripto Koin Semesta
COWL,REALESTATE,COWL|Cowell Development
CPIN,BUDIDAYA,CPIN|Charoen Pokphand|Charoen Pokphand Indonesia
CPRI,REALESTATE,CPRI|Capri Nusa|Capri Nusa Satu Properti
CPRO,BUDIDAYA,CPRO|Central Proteina|Central Proteina Prima
CRAB,MAKANAN,CRAB|Toba Surimi|Toba Surimi Industries
CRSN,KONSULTASI,CRSN|Carsurin
CSAP,RUMAHTANGGA,CSAP|Catur Sentosa|Catur Sentosa Adiprana
CSIS,REALESTATE,CSIS|Cahayasakti Investindo|Cahayasakti Investindo Sukses
CSMI,RUMAHMAKAN,CSMI|Cipta Selera|Cipta Selera Murni
CSRA,PANGAN,CSRA|Cisadane Sawit|Cisadane Sawit Raya
CTBN,LOGAM,CTBN|Citra Tubindo
CTRA,REALESTATE,CTRA|Ciputra Development
CTTH,BANGUNAN,CTTH|Citatah
CUAN,BATUBARA,CUAN|Petrindo Jaya|Petrindo Jaya Kreasi
CYBR,TEKNOLOGI,CYBR|Itsec Asia
DAAZ,TAMBANG,DAAZ|Daaz Bara|Daaz Bara Lestari
DADA,REALESTATE,DADA|Diamond Citra|Diamond Citra Propertindo
DART,REALESTATE,DART|Duta Anggada|Duta Anggada Realty
DATA,TELEKOMUNIKASI,DATA|Remala Abadi
DAYA,OBAT,DAYA|Duta Intidaya
DCII,TEKNOLOGI,DCII|Dci Indonesia
DEAL,LOGISTIK,DEAL|Dewata Freight|Dewata Freight International
DEFI,PEMBIAYAAN,DEFI|Danasupra Erapacific
DEPO,RUMAHTANGGA,DEPO|Caturkarda Depo|Caturkarda Depo Bangunan
DEWA,TAMBANG,DEWA|Darma Henwa
DEWI,BUDIDAYA,DEWI|Dewi Shri|Dewi Shri Farmindo
DFAM,HOTEL,DFAM|Dafam Property|Dafam Property Indonesia
DGIK,KONSTRUKSI,DGIK|Nusa Konstruksi|Nusa Konstruksi Enjiniring
DGNS,KESEHATAN,DGNS|Diagnos Laboratorium|Diagnos Laboratorium Utama
DGWG,KIMIA,DGWG|Delta Giri|Delta Giri Wacana
DIGI,FILM,DIGI|Arkadia Digital|Arkadia Digital Media
DILD,REALESTATE,DILD|Intiland Development
DIVA,INTERNET,DIVA|Distribusi Voucher|Distribusi Voucher Nusantara
DKFT,TAMBANG,DKFT|Central Omega|Central Omega Resources
DKHH,KESEHATAN,DKHH|Cipta Sarana|Cipta Sarana Medika
DLTA,BEER,DLTA|Delta Djakarta
DMAS,REALESTATE,DMAS|Puradelta Lestari
DMMX,TEKNOLOGI,DMMX|Digital Mediatama|Digital Mediatama Maxima
DMND,MAKANAN,DMND|Diamond Food|Diamond Food Indonesia
DNAR,BANK,DNAR|Bank Oke|Bank Oke Indonesia
DNET,INVESTASI,DNET|Indoritel Makmur|Indoritel Makmur Internasional
DOID,TAMBANG,DOID|Delta Dunia|Delta Dunia Makmur
DOOH,PERIKLANAN,DOOH|Era Media|Era Media Sejahtera
DOSS,ELEKTRONIK,DOSS|Global Sukses|Global Sukses Digital
DPNS,KIMIA,DPNS|Duta Pertiwi|Duta Pertiwi Nusantara
DPUM,BUDIDAYA,DPUM|Dua Putra|Dua Putra Utama Makmur
DRMA,OTOMOTIF,DRMA|Dharma Polimetal
DSFI,BUDIDAYA,DSFI|Dharma Samudera|Dharma Samudera Fishing Industris
DSNG,PANGAN,DSNG|Dharma Satya|Dharma Satya Nusantara
DSSA,BATUBARA,DSSA|Dian Swastatika|Dian Swastatika Sentosa
DUCK,RUMAHMAKAN,DUCK|Jaya Bersama|Jaya Bersama Indo
DUTI,REALESTATE,DUTI|Duta Pertiwi
DVLA,FARMASI,DVLA|Darya-Varia Laboratoria
DWGL,BATUBARA,DWGL|Dwi Guna|Dwi Guna Laksana
DYAN,KONSULTASI,DYAN|Dyandra Media|Dyandra Media International
EAST,HOTEL,EAST|Eastparc Hotel
ECII,ELEKTRONIK,ECII|Electronic City|Electronic City Indonesia
EDGE,TEKNOLOGI,EDGE|Indointernet
EKAD,KIMIA,EKAD|Ekadharma International
ELIT,TEKNOLOGI,ELIT|Data Sinergitama|Data Sinergitama Jaya
ELPI,LOGISTIK,ELPI|Pelayaran Nasional|Pelayaran Nasional Ekalya Puramsr
ELSA,TAMBANG,ELSA|Elnusa
ELTY,REALESTATE,ELTY|Bakrieland Development
EMAS,EMAS,EMAS|Merdeka Gold|Merdeka Gold Resources
EMDE,REALESTATE,EMDE|Megapolitan Developments
EMTK,INTERNET,EMTK|Elang Mahkota|Elang Mahkota Teknologi
ENAK,RUMAHMAKAN,ENAK|Champ Resto|Champ Resto Indonesia
ENRG,TAMBANG,ENRG|Energi Mega|Energi Mega Persada
ENVY,TEKNOLOGI,ENVY|Envy Technologies|Envy Technologies Indonesia
ENZO,BUDIDAYA,ENZO|Morenzo Abadi|Morenzo Abadi Perkasa
EPAC,PLASTIK,EPAC|Megalestari Epack|Megalestari Epack Sentosaraya
EPMT,OBAT,EPMT|Enseval Putera|Enseval Putera Megatrading
ERAA,ELEKTRONIK,ERAA|Erajaya Swasembada
ERAL,ELEKTRONIK,ERAL|Sinar Eka|Sinar Eka Selaras
ERTX,PAKAIAN,ERTX|Eratex Djaja
ESIP,PLASTIK,ESIP|Sinergi Inti|Sinergi Inti Plastindo
ESSA,KIMIA,ESSA|Surya Esa|Surya Esa Perkasa
ESTA,HOTEL,ESTA|Esta Multi|Esta Multi Usaha
ESTI,TEKSTIL,ESTI|Ever Shine|Ever Shine Tex
ETWA,KIMIA,ETWA|Eterindo Wahanatama
EURO,PERAWATAN,EURO|Estee Gold|Estee Gold Feet
EXCL,TELEKOMUNIKASI,EXCL|Xl Axiata
FAPA,PANGAN,FAPA|Fap Agri
FAST,RUMAHMAKAN,FAST|Fast Food|Fast Food Indonesia
FASW,PLASTIK,FASW|Fajar Surya|Fajar Surya Wisesa
FILM,FILM,FILM|Md Pictures
FIMP,KONSTRUKSI,FIMP|Fimperkasa Utama
FIRE,BATUBARA,FIRE|Alfa Energi|Alfa Energi Investama
FISH,PANGAN,FISH|Fks Multi|Fks Multi Agro
FITT,HOTEL,FITT|Hotel Fitra|Hotel Fitra International
FLMC,PERAWATAN,FLMC|Falmaco Nonwoven|Falmaco Nonwoven Industri
FMII,REALESTATE,FMII|Fortune Mate|Fortune Mate Indonesia
FOLK,MULTISEKTOR,FOLK|Multi Garam|Multi Garam Utama
FOOD,MAKANAN,FOOD|Sentra Food|Sentra Food Indonesia
FORE,MINUMAN,FORE|Fore Kopi|Fore Kopi Indonesia
FORU,PERIKLANAN,FORU|Fortune Indonesia
FORZ,REALESTATE,FORZ|Forza Land|Forza Land Indonesia
FPNI,KIMIA,FPNI|Lotte Chemical|Lotte Chemical Titan
FREN,TELEKOMUNIKASI,FREN|Smartfren Telecom
FUJI,PEMBIAYAAN,FUJI|Fuji Finance|Fuji Finance Indonesia
FUTR,PERIKLANAN,FUTR|Futura Energi|Futura Energi Global
FWCT,KAYU,FWCT|Wijaya Cahaya|Wijaya Cahaya Timber
GAMA,REALESTATE,GAMA|Aksara Global|Aksara Global Development
GDST,LOGAM,GDST|Gunawan Dianjaya|Gunawan Dianjaya Steel
GDYR,BAN,GDYR|Goodyear Indonesia
GEMA,FURNITUR,GEMA|Gema Grahasarana
GEMS,BATUBARA,GEMS|Golden Energi|Golden Energi Mines
GGRM,ROKOK,GGRM|Gudang Garam
GGRP,LOGAM,GGRP|Gunung Raja|Gunung Raja Paksi
GHON,TELEKOMUNIKASI,GHON|Gihon Telekomunikasi|Gihon Telekomunikasi Indonesia
GIAA,PENERBANGAN,GIAA|Garuda Indonesia
GJTL,BAN,GJTL|Gajah Tunggal
GLOB,ELEKTRONIK,GLOB|Globe Kita|Globe Kita Terang
GLVA,ELEKTRONIK,GLVA|Galva Technologies
GMFI,PENERBANGAN,GMFI|Garuda Maintenance|Garuda Maintenance Facility Arasa
GMTD,REALESTATE,GMTD|Gowa Makassar|Gowa Makassar Tourism Development
GOLD,TELEKOMUNIKASI,GOLD|Visi Telekomunikasi|Visi Telekomunikasi Infrastruktur
GOLF,REKREASI,GOLF|Intra Golflink|Intra Golflink Resorts
GOLL,PANGAN,GOLL|Golden Plantation
GOOD,MAKANAN,GOOD|Garudafood Putra|Garudafood Putra Putri Jaya
GOTO,INTERNET,GOTO|Goto Gojek|Goto Gojek Tokopedia
GPRA,REALESTATE,GPRA|Perdana Gapura|Perdana Gapura Prima
GPSO,MESIN,GPSO|Geoprima Solusi
GRIA,REALESTATE,GRIA|Ingria Pratama|Ingria Pratama Capitalindo
GRPH,HOTEL,GRPH|Griptha Putra|Griptha Putra Persada
GRPM,LOGISTIK,GRPM|Graha Prima|Graha Prima Mentari
GSMF,INVESTASI,GSMF|Equity Development|Equity Development Investment
GTBO,BATUBARA,GTBO|Garda Tujuh|Garda Tujuh Buana
GTRA,LOGISTIK,GTRA|Grahaprima Suksesmandiri
GTSI,TAMBANG,GTSI|Gts Internasional
GULA,MAKANAN,GULA|Aman Agrindo
GUNA,PANGAN,GUNA|Gunanusa Eramandiri
GWSA,REALESTATE,GWSA|Greenwood Sejahtera
GZCO,PANGAN,GZCO|Gozco Plantations
HADE,GAS,HADE|Himalaya Energi|Himalaya Energi Perkasa
HAIS,LOGISTIK,HAIS|Hasnur Internasional|Hasnur Internasional Shipping
HAJJ,TRAVEL,HAJJ|Arsy Buana|Arsy Buana Travelindo
HALO,ALATKESEHATAN,HALO|Haloni Jane
HATM,LOGISTIK,HATM|Habco Trans|Habco Trans Maritima
HBAT,REALESTATE,HBAT|Minahasa Membangun|Minahasa Membangun Hebat
HDFA,PEMBIAYAAN,HDFA|Radana Bhaskara|Radana Bhaskara Finance
HDIT,INTERNET,HDIT|Hensel Davest|Hensel Davest Indonesia
HDTX,TEKSTIL,HDTX|Panasia Indo|Panasia Indo Resources
HEAL,KESEHATAN,HEAL|Medikaloka Hermina
HELI,PENERBANGAN,HELI|Jaya Trishindo
HERO,SUPERMARKET,HERO|Hero Supermarket
HEXA,MESINKONSTRUKSI,HEXA|Hexindo Adiperkasa
HGII,LISTRIK,HGII|Hero Global|Hero Global Investment
HILL,TAMBANG,HILL|Hillcon
HITS,TAMBANG,HITS|Humpuss Intermoda|Humpuss Intermoda Transportasi
HKMU,LOGAM,HKMU|Hk Metals|Hk Metals Utama
HMSP,ROKOK,HMSP|Hanjaya Mandala|Hanjaya Mandala Sampoerna
HOKI,MAKANAN,HOKI|Buyung Poetra|Buyung Poetra Sembada
HOME,HOTEL,HOME|Hotel Mandarine|Hotel Mandarine Regency
HOMI,REALESTATE,HOMI|Grand House|Grand House Mulia
HOPE,MESINKONSTRUKSI,HOPE|Harapan Duta|Harapan Duta Pertiwi
HOTL,HOTEL,HOTL|Saraswati Griya|Saraswati Griya Lestari
HRME,HOTEL,HRME|Menteng Heritage|Menteng Heritage Realty
HRTA,PAKAIAN,HRTA|Hartadinata Abadi
HRUM,BATUBARA,HRUM|Harum Energi
HUMI,TAMBANG,HUMI|Humpuss Maritim|Humpuss Maritim Internasional
HYGN,LINGKUNGAN,HYGN|Ecocare Indo|Ecocare Indo Pasifik
IATA,PENERBANGAN,IATA|Mnc Energi|Mnc Energi Investments
IBFN,PEMBIAYAAN,IBFN|Intan Baru|Intan Baru Prana
IBOS,MAKANAN,IBOS|Indo Boga|Indo Boga Sukses
IBST,TELEKOMUNIKASI,IBST|Inti Bangun|Inti Bangun Sejahtera
ICBP,MAKANAN,ICBP|Indofood Cbp|Indofood Cbp Sukses Makmur
ICON,KONSULTASI,ICON|Island Concepts|Island Concepts Indonesia
IDEA,BIMBEL,IDEA|Idea Indonesia|Idea Indonesia Akademi
IDPR,KONSTRUKSI,IDPR|Indonesia Pondasi|Indonesia Pondasi Raya
IFII,KAYU,IFII|Indonesia Fibreboard|Indonesia Fibreboard Industry
IFSH,TAMBANG,IFSH|Ifishdeco
IGAR,PLASTIK,IGAR|Champion Pacific|Champion Pacific Indonesia
IIKP,OLAHRAGA,IIKP|Inti Agri|Inti Agri Resources
IKAI,HOTEL,IKAI|Intikeramik Alamasri|Intikeramik Alamasri Industri
IKAN,BUDIDAYA,IKAN|Era Mandiri|Era Mandiri Cemerlang
IKBI,KABEL,IKBI|Sumi Indo|Sumi Indo Kabel
IKPM,FARMASI,IKPM|Ikapharmindo Putramas
IMAS,OTOMOTIF,IMAS|Indomobil Sukses|Indomobil Sukses Internasional
IMJS,PEMBIAYAAN,IMJS|Indomobil Multi|Indomobil Multi Jasa
IMPC,BANGUNAN,IMPC|Impack Pratama|Impack Pratama Industri
INAF,FARMASI,INAF|Indofarma
INAI,LOGAM,INAI|Indal Aluminium|Indal Aluminium Industry
INCF,HUTAN,INCF|Indo Komoditi|Indo Komoditi Korpora
INCI,KIMIA,INCI|Intanwijaya Internasional
INCO,TAMBANG,INCO|Vale Indonesia
INDF,MAKANAN,INDF|Indofood Sukses|Indofood Sukses Makmur
INDO,REALESTATE,INDO|Royalindo Investa|Royalindo Investa Wijaya
INDR,TEKSTIL,INDR|Indo-Rama Synthetics
INDS,OTOMOTIF,INDS|Indospring
INDX,KONSULTASI,INDX|Tanah Laut
INDY,BATUBARA,INDY|Indika Energi
INET,TELEKOMUNIKASI,INET|Sinergi Inti|Sinergi Inti Andalan Prima
INKP,KERTAS,INKP|Indah Kiat|Indah Kiat Pulp And Paper
INOV,TEKSTIL,INOV|Inocycle Teknologi|Inocycle Teknologi Group
INPC,BANK,INPC|Bank Artha|Bank Artha Graha Internasional
INPP,REALESTATE,INPP|Indonesian Paradise|Indonesian Paradise Property
INPS,TAMBANG,INPS|Indah Prakasa|Indah Prakasa Sentosa
INRU,KERTAS,INRU|Toba Pulp|Toba Pulp Lestari
INTA,MESINKONSTRUKSI,INTA|Intraco Penta
INTD,KERTAS,INTD|Inter Delta
INTP,MATERIAL,INTP|Indocement Tunggal|Indocement Tunggal Prakarsa
IOTF,ELEKTRONIK,IOTF|Sumber Sinergi|Sumber Sinergi Makmur
IPAC,REALESTATE,IPAC|Era Graharealty
IPCC,PELABUHAN,IPCC|Indonesia Kendaraan|Indonesia Kendaraan Terminal
IPCM,PELABUHAN,IPCM|Jasa Armada|Jasa Armada Indonesia
IPOL,PLASTIK,IPOL|Indopoly Swakarsa|Indopoly Swakarsa Industry
IPPE,PANGAN,IPPE|Indo Pureco|Indo Pureco Pratama
IPTV,PENYIARAN,IPTV|Mnc Vision|Mnc Vision Networks
IRRA,ALATKESEHATAN,IRRA|Itama Ranoraya
IRSX,SOFTWARE,IRSX|Aviana Sinar|Aviana Sinar Abadi
ISAP,OTOMOTIF,ISAP|Isra Presisi|Isra Presisi Indonesia
ISAT,TELEKOMUNIKASI,ISAT|Indosat
ISEA,BUDIDAYA,ISEA|Indo American|Indo American Seafoods
ISSP,LOGAM,ISSP|Steel Pipe|Steel Pipe Industry Of Indonesia
ITIC,ROKOK,ITIC|Indonesian Rokok
ITMA,TAMBANG,ITMA|Sumber Energi|Sumber Energi Andalan
ITMG,BATUBARA,ITMG|Indo Tambangraya|Indo Tambangraya Megah
JARR,PANGAN,JARR|Jhonlin Agro|Jhonlin Agro Raya
JAST,TELEKOMUNIKASI,JAST|Jasnita Telekomindo
JATI,SOFTWARE,JATI|Informasi Teknologi|Informasi Teknologi Indonesia
JAWA,PANGAN,JAWA|Jaya Agra|Jaya Agra Wattie
JAYA,LOGISTIK,JAYA|Armada Berjaya|Armada Berjaya Trans
JECC,KABEL,JECC|Jembo Cable|Jembo Cable Company
JGLE,REKREASI,JGLE|Graha Andrasentra|Graha Andrasentra Propertindo
JIHD,HOTEL,JIHD|Jakarta International|Jakarta International Hotls & Dev
JKON,KONSTRUKSI,JKON|Jaya Konstruksi|Jaya Konstruksi Manggala Pratama
JKSW,MATERIAL,JKSW|Jakarta Kyoei|Jakarta Kyoei Steel Works
JMAS,ASURANSI,JMAS|Asuransi Jiwa|Asuransi Jiwa Syariah Js Mtr Abd
JPFA,BUDIDAYA,JPFA|Japfa Comfeed|Japfa Comfeed Indonesia
JRPT,REALESTATE,JRPT|Jaya Real|Jaya Real Property
JSKY,LISTRIK,JSKY|Sky Energi|Sky Energi Indonesia
JSMR,JALANTOL,JSMR|Jasa Marga
JSPT,HOTEL,JSPT|Jakarta Setiabudi|Jakarta Setiabudi Internasional
JTPE,PERCETAKAN,JTPE|Jasuindo Tiga|Jasuindo Tiga Perkasa
KAEF,FARMASI,KAEF|Kimia Farma
KAQI,OTOMOTIF,KAQI|Jantra Grupo|Jantra Grupo Indonesia
KARW,PELABUHAN,KARW|Ictsi Jasa|Ictsi Jasa Prima
KAYU,KAYU,KAYU|Darmi Bersaudara
KBAG,REALESTATE,KBAG|Karya Bersama|Karya Bersama Anugerah
KBLI,KABEL,KBLI|Kmi Wire|Kmi Wire And Cable
KBLM,KABEL,KBLM|Kabelindo Murni
KBLV,TELEKOMUNIKASI,KBLV|First Media
KBRI,KERTAS,KBRI|Kertas Basuki|Kertas Basuki Rachmat Indonesia
KDSI,PLASTIK,KDSI|Kedawung Setia|Kedawung Setia Industrial
KDTN,HOTEL,KDTN|Puri Sentul|Puri Sentul Permai
KEEN,LISTRIK,KEEN|Kencana Energi|Kencana Energi Lestari
KEJU,SUSU,KEJU|Mulia Boga|Mulia Boga Raya
KETR,TELEKOMUNIKASI,KETR|Ketrosden Triasmitra
KIAS,BANGUNAN,KIAS|Keramika Indonesia|Keramika Indonesia Assosiasi
KICI,RUMAHTANGGA,KICI|Kedaung Indah|Kedaung Indah Can
KIJA,REALESTATE,KIJA|Kawasan Industri|Kawasan Industri Jababeka
KING,LINGKUNGAN,KING|Hoffmen Cleanindo
KINO,PERAWATAN,KINO|Kino Indonesia
KIOS,INTERNET,KIOS|Kioson Komersial|Kioson Komersial Indonesia
KJEN,LOGISTIK,KJEN|Krida Jaringan|Krida Jaringan Nusantara
KKES,KIMIA,KKES|Kusuma Kemindo|Kusuma Kemindo Sentosa
KKGI,BATUBARA,KKGI|Resource Alam|Resource Alam Indonesia
KLAS,LOGISTIK,KLAS|Pelayaran Kurnia|Pelayaran Kurnia Lautan Semesta
KLBF,FARMASI,KLBF|Kalbe Farma
KLIN,RUMAHTANGGA,KLIN|Klinko Karya|Klinko Karya Imaji
KMDS,MAKANAN,KMDS|Kurniamitra Duta|Kurniamitra Duta Sentosa
KMTR,HUTAN,KMTR|Kirana Megatara
KOBX,MESINKONSTRUKSI,KOBX|Kobexindo Tractors
KOCI,REALESTATE,KOCI|Kokoh Exa|Kokoh Exa Nusantara
KOIN,BANGUNAN,KOIN|Kokoh Inti|Kokoh Inti Arebama
KOKA,KONSTRUKSI,KOKA|Koka Indonesia
KONI,KANTORAN,KONI|Perdana Bangun|Perdana Bangun Pusaka
KOPI,TAMBANG,KOPI|Mitra Energi|Mitra Energi Persada
KOTA,REALESTATE,KOTA|Dms Propertindo
KPAL,MESINKONSTRUKSI,KPAL|Steadfast Marine
KPAS,PERAWATAN,KPAS|Cottonindo Ariesta
KPIG,HOTEL,KPIG|Mnc Land
KRAH,MESIN,KRAH|Grand Kartech
KRAS,LOGAM,KRAS|Krakatau Steel
KREN,INTERNET,KREN|Kresna Graha|Kresna Graha Investama
KRYA,KONSTRUKSI,KRYA|Bangun Karya|Bangun Karya Perkasa Jaya
KSIX,REALESTATE,KSIX|Kentanix Supra|Kentanix Supra International T
KUAS,BANGUNAN,KUAS|Ace Oldfields
LABA,MESIN,LABA|Ladang Baja|Ladang Baja Murni
LABS,ALATKESEHATAN,LABS|Ubc Medical|Ubc Medical Indonesia
LAJU,LOGISTIK,LAJU|Jasa Berdikari|Jasa Berdikari Logistics
LAND,REALESTATE,LAND|Trimitra Propertindo
LAPD,LISTRIK,LAPD|Leyand International
LCGP,REALESTATE,LCGP|Eureka Prima|Eureka Prima Jakarta
LCKM,TELEKOMUNIKASI,LCKM|Lck Global|Lck Global Kedaton
LEAD,TAMBANG,LEAD|Logindo Samudramakmur
LFLO,FURNITUR,LFLO|Imago Mulia|Imago Mulia Persada
LIFE,ASURANSI,LIFE|Asuransi Jiwa|Asuransi Jiwa Sinarmas Msig
LINK,TELEKOMUNIKASI,LINK|Link Net
LION,KANTORAN,LION|Lion Metal|Lion Metal Works
LIVE,RUMAHTANGGA,LIVE|Homeco Victoria|Homeco Victoria Makmur
LMAS,TEKNOLOGI,LMAS|Limas Indonesia|Limas Indonesia Makmur
LMAX,OTOMOTIF,LMAX|Lupromax Pelumas|Lupromax Pelumas Indonesia
LMPI,RUMAHTANGGA,LMPI|Langgeng Makmur|Langgeng Makmur Industri
LMSH,LOGAM,LMSH|Lionmesh Prima
LOPI,LOGISTIK,LOPI|Logisticsplus International
LPCK,REALESTATE,LPCK|Lippo Cikarang
LPGI,ASURANSI,LPGI|Lippo Asuransi|Lippo Asuransi Umum
LPIN,OTOMOTIF,LPIN|Multi Prima|Multi Prima Sejahtera
LPKR,REALESTATE,LPKR|Lippo Karawaci
LPLI,REALESTATE,LPLI|Star Pacific
LPPF,STORE,LPPF|Matahari Department|Matahari Department Store
LPPS,INVESTASI,LPPS|Lenox Pasifik|Lenox Pasifik Investama
LRNA,TRANSPORTASI,LRNA|Eka Sari|Eka Sari Lorena Transport
LSIP,PANGAN,LSIP|Perusahaan Prkbn|Perusahaan Prkbn Lndn Smtr Indnsa
LTLS,KIMIA,LTLS|Lautan Luas
LUCK,KOMPUTER,LUCK|Sentral Mitra|Sentral Mitra Informatika
LUCY,RUMAHMAKAN,LUCY|Lima Dua|Lima Dua Lima Tiga
MABA,HOTEL,MABA|Marga Abhinaya|Marga Abhinaya Abadi
MAGP,PANGAN,MAGP|Multi Agro|Multi Agro Gemilang Plantation
MAHA,BATUBARA,MAHA|Mandiri Herindo|Mandiri Herindo Adiperkasa
MAIN,BUDIDAYA,MAIN|Malindo Feedmill
MAMI,HOTEL,MAMI|Mas Murni|Mas Murni Indonesia
MANG,KONSTRUKSI,MANG|Manggung Polahraya
MAPA,TEKSTIL,MAPA|Map Aktif|Map Aktif Adiperkasa
MAPB,RUMAHMAKAN,MAPB|Map Boga|Map Boga Adiperkasa
MAPI,TEKSTIL,MAPI|Mitra Adiperkasa
MARI,PENYIARAN,MARI|Mahaka Radio|Mahaka Radio Integra
MARK,MESIN,MARK|Mark Dynamics|Mark Dynamics Indonesia
MASA,BAN,MASA|Multistrada Arah|Multistrada Arah Sarana
MASB,BANK,MASB|Bank Multiarta|Bank Multiarta Sentosa
MAXI,MAKANAN,MAXI|Maxindo Karya|Maxindo Karya Anugerah
MAYA,BANK,MAYA|Bank Mayapada|Bank Mayapada Internasional
MBAP,BATUBARA,MBAP|Mitrabara Adiperdana
MBMA,TAMBANG,MBMA|Merdeka Battery|Merdeka Battery Materials
MBSS,BATUBARA,MBSS|Mitrabahtera Segara|Mitrabahtera Segara Sejati
MBTO,PERAWATAN,MBTO|Martina Berto
MCAS,INTERNET,MCAS|M Cash|M Cash Integrasi
MCOL,BATUBARA,MCOL|Prima Andalan|Prima Andalan Mandiri
MCOR,BANK,MCOR|Bank China|Bank China Construction Bk Indosi Tk
MDIA,PENYIARAN,MDIA|Intermedia Capital
MDIY,RUMAHTANGGA,MDIY|Daya Intiguna|Daya Intiguna Yasa
MDKA,EMAS,MDKA|Merdeka Copper|Merdeka Copper Gold
MDKI,KIMIA,MDKI|Emdeki Utama
MDLA,FARMASI,MDLA|Medela Potentia
MDLN,REALESTATE,MDLN|Modernland Realty
MDRN,KANTORAN,MDRN|Modern Internasional
MEDC,TAMBANG,MEDC|Medco Energi|Medco Energi Internasional
MEDS,ALATKESEHATAN,MEDS|Hetzer Medical|Hetzer Medical Indonesia
MEGA,BANK,MEGA|Bank Mega
MEJA,FURNITUR,MEJA|Harta Djaya|Harta Djaya Karya
MENN,ELEKTRONIK,MENN|Menn Teknologi|Menn Teknologi Indonesia
MERI,BIMBEL,MERI|Merry Riana|Merry Riana Edukasi
MERK,FARMASI,MERK|Merck
META,JALANTOL,META|Nusantara Infrastructure
MFIN,PEMBIAYAAN,MFIN|Mandala Multifinance
MFMI,KONSULTASI,MFMI|Multifiling Mitra|Multifiling Mitra Indonesia
MGLV,FURNITUR,MGLV|Panca Anugrah|Panca Anugrah Wisesa
MGNA,INVESTASI,MGNA|Magna Investama|Magna Investama Mandiri
MGRO,PANGAN,MGRO|Mahkota Group
MHKI,LINGKUNGAN,MHKI|Multi-Hanna Kreasindo
MICE,RUMAHTANGGA,MICE|Multi Indocitra
MIDI,SUPERMARKET,MIDI|Midi Utama|Midi Utama Indonesia
MIKA,KESEHATAN,MIKA|Mitra Keluarga|Mitra Keluarga Karyasehat
MINA,HOTEL,MINA|Sanurhasta Mitra
MINE,TAMBANG,MINE|Sinar Terang|Sinar Terang Mandiri
MIRA,LOGISTIK,MIRA|Mitra International|Mitra International Resources
MITI,TAMBANG,MITI|Mitra Investindo
MKAP,TAMBANG,MKAP|Multikarya Asia|Multikarya Asia Pasifik Raya T
MKNT,ELEKTRONIK,MKNT|Mitra Komunikasi|Mitra Komunikasi Nusantara
MKPI,REALESTATE,MKPI|Metropolitan Kentjana
MKTR,PANGAN,MKTR|Menthobi Karyatama|Menthobi Karyatama Raya
MLBI,BEER,MLBI|Multi Bintang|Multi Bintang Indonesia
MLIA,BANGUNAN,MLIA|Mulia Industrindo
MLPL,MULTISEKTOR,MLPL|Multipolar
MLPT,TEKNOLOGI,MLPT|Multipolar Teknologi
MMIX,PERAWATAN,MMIX|Multi Medika|Multi Medika Internasional
MMLP,REALESTATE,MMLP|Mega Manunggal|Mega Manunggal Property
MNCN,PENYIARAN,MNCN|Media Nusantara|Media Nusantara Citra
MOLI,KIMIA,MOLI|Madusari Murni|Madusari Murni Indah
MORA,TELEKOMUNIKASI,MORA|Mora Telematika|Mora Telematika Indonesia
MPIX,INTERNET,MPIX|Mitra Pedagang|Mitra Pedagang Indonesia
MPMX,OTOMOTIF,MPMX|Mitra Pinasthika|Mitra Pinasthika Mustika
MPOW,LISTRIK,MPOW|Megapower Makmur
MPPA,SUPERMARKET,MPPA|Matahari Putra|Matahari Putra Prima
MPRO,REALESTATE,MPRO|Maha Properti|Maha Properti Indonesia
MPXL,LOGISTIK,MPXL|Mpx Logistics|Mpx Logistics International
MRAT,PERAWATAN,MRAT|Mustika Ratu
MREI,ASURANSI,MREI|Maskapai Reasuransi|Maskapai Reasuransi Indonesia
MSIE,REALESTATE,MSIE|Multisarana Intan|Multisarana Intan Eduka
MSIN,FILM,MSIN|Mnc Digital|Mnc Digital Entertainment
MSJA,PERAWATAN,MSJA|Multi Spunindo|Multi Spunindo Jaya
MSKY,PENYIARAN,MSKY|Mnc Sky|Mnc Sky Vision
MSTI,TEKNOLOGI,MSTI|Mastersystem Infotama
MTDL,KOMPUTER,MTDL|Metrodata Electronics
MTEL,TELEKOMUNIKASI,MTEL|Dayamitra Telekomunikasi
MTFN,TAMBANG,MTFN|Capitalinc Investment
MTLA,REALESTATE,MTLA|Metropolitan Land
MTMH,KESEHATAN,MTMH|Murni Sadar
MTPS,KONSTRUKSI,MTPS|Meta Epsi
MTRA,KONSTRUKSI,MTRA|Mitra Pemuda
MTSM,REALESTATE,MTSM|Metro Realty
MTWI,ASURANSI,MTWI|Malacca Trust|Malacca Trust Wwngn Insrnc
MUTU,KONSULTASI,MUTU|Mutuagung Lestari
MYOH,TAMBANG,MYOH|Samindo Resources
MYOR,MAKANAN,MYOR|Mayora Indah
MYRX,REALESTATE,MYRX|Hanson International
MYTX,TEKSTIL,MYTX|Asia Pacific|Asia Pacific Investama
NAIK,ALATKEBAKARAN,NAIK|Adiwarna Anugerah|Adiwarna Anugerah Abadi
NANO,PERAWATAN,NANO|Nanotech Indonesia|Nanotech Indonesia Global
NASA,HOTEL,NASA|Andalan Perkasa|Andalan Perkasa Abadi
NASI,MAKANAN,NASI|Wahana Inti|Wahana Inti Makmurtbk
NATO,HOTEL,NATO|Surya Permata|Surya Permata Andalan
NAYZ,MAKANAN,NAYZ|Hassana Boga|Hassana Boga Sejahtera
NCKL,TAMBANG,NCKL|Trimegah Bangun|Trimegah Bangun Persada
NELY,LOGISTIK,NELY|Pelayaran Nelly|Pelayaran Nelly Dwi Putri
NEST,BUDIDAYA,NEST|Esta Indonesia
NETV,PENYIARAN,NETV|Net Visi|Net Visi Media
NFCX,INTERNET,NFCX|Nfc Indonesia
NICE,TAMBANG,NICE|Adhi Kartiko|Adhi Kartiko Pratama
NICK,INVESTASI,NICK|Charnic Capital
NICL,TAMBANG,NICL|Pam Mineral
NIKL,TAMBANG,NIKL|Pelat Timah|Pelat Timah Nusantara
NINE,TEKNOLOGI,NINE|Techno9 Indonesia
NIPS,OTOMOTIF,NIPS|Nipress
NIRO,REALESTATE,NIRO|City Retail|City Retail Developments
NISP,BANK,NISP|Bank Ocbc|Bank Ocbc Nisp
NOBU,BANK,NOBU|Bank Nationalnobu
NPGF,KIMIA,NPGF|Nusa Palapa|Nusa Palapa Gemilang
NRCA,KONSTRUKSI,NRCA|Nusa Raya|Nusa Raya Cipta
NSSS,PANGAN,NSSS|Nusantara Sawit|Nusantara Sawit Sejahtera
NTBK,MESINKONSTRUKSI,NTBK|Nusatama Berkah
NUSA,HOTEL,NUSA|Sinergi Megah|Sinergi Megah Internusa
NZIA,REALESTATE,NZIA|Nusantara Almazia
OASA,TELEKOMUNIKASI,OASA|Protech Mitra|Protech Mitra Perkasa
OBAT,FARMASI,OBAT|Brigit Biofarmaka|Brigit Biofarmaka Teknologi Tb
OBMD,KIMIA,OBMD|Obm Drilchem
OCAP,INVESTASI,OCAP|Onix Capital
OILS,PANGAN,OILS|Indo Oil|Indo Oil Perkasa
OKAS,KIMIA,OKAS|Ancora Indonesia|Ancora Indonesia Resources
OLIV,FURNITUR,OLIV|Oscar Mitra|Oscar Mitra Sukses Sejahtera
OMED,ALATKESEHATAN,OMED|Jayamas Medica|Jayamas Medica Industri
OMRE,REALESTATE,OMRE|Indonesia Prima|Indonesia Prima Property
OPMS,LOGAM,OPMS|Optima Prima|Optima Prima Metal Sinergi
PACK,PERCETAKAN,PACK|Solusi Kemasan|Solusi Kemasan Digital
PADA,LINGKUNGAN,PADA|Personel Alih|Personel Alih Daya
PADI,INVESTASI,PADI|Minna Padi|Minna Padi Investama Sekuritas
PALM,PANGAN,PALM|Provident Agro
PAMG,REALESTATE,PAMG|Bima Sakti|Bima Sakti Pertiwi
PANI,MAKANAN,PANI|Pantai Indah|Pantai Indah Kapuk Dua
PANR,TRAVEL,PANR|Panorama Sentrawisata
PANS,INVESTASI,PANS|Panin Sekuritas
PART,OTOMOTIF,PART|Cipta Perdana|Cipta Perdana Lancar
PBID,PLASTIK,PBID|Panca Budi|Panca Budi Idaman
PBRX,PAKAIAN,PBRX|Pan Brothers
PBSA,KONSTRUKSI,PBSA|Paramita Bangun|Paramita Bangun Sarana
PCAR,MAKANAN,PCAR|Prima Cakrawala|Prima Cakrawala Abadi
PDES,TRAVEL,PDES|Destinasi Tirta|Destinasi Tirta Nusantara
PDPP,PLASTIK,PDPP|Primadaya Plastisindo
PEGE,INVESTASI,PEGE|Panca Global|Panca Global Kapital
PEHA,FARMASI,PEHA|Phapros
PEVE,FARMASI,PEVE|Penta Valent
PGAS,TAMBANG,PGAS|Perusahaan Gas|Perusahaan Gas Negara
PGEO,LISTRIK,PGEO|Pertamina Geothermal|Pertamina Geothermal Energi
PGJO,INTERNET,PGJO|Tourindo Guide|Tourindo Guide Indonesia
PGLI,HOTEL,PGLI|Pembangunan Graha|Pembangunan Graha Lestari Indah
PGUN,PANGAN,PGUN|Pradiksi Gunatama
PICO,PLASTIK,PICO|Pelangi Indah|Pelangi Indah Canindo
PIPA,BANGUNAN,PIPA|Multi Makmur|Multi Makmur Lemindo
PJAA,REKREASI,PJAA|Pembangunan Jaya|Pembangunan Jaya Ancol
PJHB,LOGISTIK,PJHB|Pelayaran Jaya|Pelayaran Jaya Hidup Baru
PKPK,TAMBANG,PKPK|Perdana Karya|Perdana Karya Perkasa
PLAN,HOTEL,PLAN|Planet Properindo|Planet Properindo Jaya
PLAS,INVESTASI,PLAS|Polaris Investama
PLIN,REALESTATE,PLIN|Plaza Indonesia|Plaza Indonesia Realty
PMJS,OTOMOTIF,PMJS|Putra Mandiri|Putra Mandiri Jembar
PMMP,MAKANAN,PMMP|Panca Mitra|Panca Mitra Multiperdana
PMUI,TELEKOMUNIKASI,PMUI|Prima Multi|Prima Multi Usaha Indonesia Tb
PNBN,BANK,PNBN|Bank Pan|Bank Pan Indonesia
PNBS,BANK,PNBS|Bank Panin|Bank Panin Dubai Syariah
PNGO,HUTAN,PNGO|Pinago Utama
PNIN,ASURANSI,PNIN|Paninvest
PNLF,ASURANSI,PNLF|Panin Financial
PNSE,HOTEL,PNSE|Pudjiadi And|Pudjiadi And Sons
POLA,PEMBIAYAAN,POLA|Pool Advista|Pool Advista Finance
POLI,REALESTATE,POLI|Pollux Hotels|Pollux Hotels Group
POLL,REALESTATE,POLL|Pollux Properties|Pollux Properties Indonesia
POLU,PAKAIAN,POLU|Golden Flower
POLY,TEKSTIL,POLY|Asia Pacific|Asia Pacific Fibers
POOL,INVESTASI,POOL|Pool Advista|Pool Advista Indonesia
PORT,PELABUHAN,PORT|Nusantara Pelabuhan|Nusantara Pelabuhan Handal
POSA,REALESTATE,POSA|Bliss Properti|Bliss Properti Indonesia
POWR,LISTRIK,POWR|Cikarang Listrindo
PPGL,LOGISTIK,PPGL|Prima Globalindo|Prima Globalindo Logistik
PPRE,KONSTRUKSI,PPRE|Pp Presisi
PPRI,PLASTIK,PPRI|Paperocks Indonesia
PPRO,REALESTATE,PPRO|Pp Properti
PRAS,OTOMOTIF,PRAS|Prima Alloy|Prima Alloy Steel Universal
PRAY,KESEHATAN,PRAY|Famon Awal|Famon Awal Bros Sedaya
PRDA,KESEHATAN,PRDA|Prodia Widyahusada
PRIM,KESEHATAN,PRIM|Royal Prima
PSAB,EMAS,PSAB|J Resources|J Resources Asia Pasifik
PSAT,BATUBARA,PSAT|Pancaran Samudera|Pancaran Samudera Transport Tb
PSDN,MAKANAN,PSDN|Prasidha Aneka|Prasidha Aneka Niaga
PSGO,PANGAN,PSGO|Palma Serasih
PSKT,HOTEL,PSKT|Red Planet|Red Planet Indonesia
PSSI,BATUBARA,PSSI|Pelita Samudera|Pelita Samudera Shipping
PTBA,BATUBARA,PTBA|Bukit Asam
PTDU,KONSTRUKSI,PTDU|Djasa Ubersakti
PTIS,BATUBARA,PTIS|Indo Straits
PTMP,MESIN,PTMP|Mitra Pack
PTMR,PLASTIK,PTMR|Master Print
PTPP,KONSTRUKSI,PTPP|Pembangunan Perumahan
PTPS,PANGAN,PTPS|Pulau Subur
PTPW,KONSTRUKSI,PTPW|Pratama Widya
PTRO,TAMBANG,PTRO|Petrosea
PTSN,ELEKTRONIK,PTSN|Sat Nusapersada
PTSP,RUMAHMAKAN,PTSP|Pioneerindo Gourmet|Pioneerindo Gourmet International
PUDP,REALESTATE,PUDP|Pudjiadi Prestige
PURA,LOGISTIK,PURA|Putra Rajawali|Putra Rajawali Kencana
PURE,TAMBANG,PURE|Trinitan Metals|Trinitan Metals And Minerals
PURI,REALESTATE,PURI|Puri Global|Puri Global Sukses
PWON,REALESTATE,PWON|Pakuwon Jati
PYFA,FARMASI,PYFA|Pyridam Farma
PZZA,RUMAHMAKAN,PZZA|Sarimelati Kencana
RAAM,FILM,RAAM|Tripar Multivision|Tripar Multivision Plus
RAFI,MAKANAN,RAFI|Sari Kreasi|Sari Kreasi Boga
RAJA,TAMBANG,RAJA|Rukun Raharja
RALS,STORE,RALS|Ramayana Lestari|Ramayana Lestari Sentosa
RANC,SUPERMARKET,RANC|Supra Boga|Supra Boga Lestari
RATU,TAMBANG,RATU|Raharja Energi|Raharja Energi Cepu
RBMS,REALESTATE,RBMS|Ristia Bintang|Ristia Bintang Mahkotasejati
RCCC,LOGISTIK,RCCC|Utama Radar|Utama Radar Cahaya
RDTX,REALESTATE,RDTX|Roda Vivatex
REAL,REALESTATE,REAL|Repower Asia|Repower Asia Indonesia
RELF,REALESTATE,RELF|Graha Mitra|Graha Mitra Asia
RELI,INVESTASI,RELI|Reliance Sekuritas|Reliance Sekuritas Indonesia
RGAS,TAMBANG,RGAS|Kian Santang|Kian Santang Muliatama
RICY,PAKAIAN,RICY|Ricky Putra|Ricky Putra Globalindo
RIGS,BATUBARA,RIGS|Rig Tenders|Rig Tenders Indonesia
RIMO,REALESTATE,RIMO|Rimo International|Rimo International Lestari
RISE,HOTEL,RISE|Jaya Sukses|Jaya Sukses Makmur Sentosa
RLCO,BUDIDAYA,RLCO|Abadi Lestari|Abadi Lestari Indonesia
RMKE,BATUBARA,RMKE|Rmk Energi
RMKO,TAMBANG,RMKO|Royaltama Mulia|Royaltama Mulia Kontraktorindo
ROCK,REALESTATE,ROCK|Rockfields Property|Rockfields Property Indonesia
RODA,REALESTATE,RODA|Pikko Land|Pikko Land Development
RONY,KONSTRUKSI,RONY|Aesler Grup|Aesler Grup Internasional
ROTI,MAKANAN,ROTI|Nippon Indosari|Nippon Indosari Corpindo
RSCH,KESEHATAN,RSCH|Charlie Hospital|Charlie Hospital Semarang
RSGK,KESEHATAN,RSGK|Kedoya Adyaraya
RUIS,TAMBANG,RUIS|Radiant Utama|Radiant Utama Interinsco
RUNS,SOFTWARE,RUNS|Global Sukses|Global Sukses Solusi
SAFE,TRANSPORTASI,SAFE|Steady Safe
SAGE,REALESTATE,SAGE|Saptausaha Gemilangindah
SAME,KESEHATAN,SAME|Sarana Meditama|Sarana Meditama Metropolitan
SAMF,KIMIA,SAMF|Saraswanti Anugerah|Saraswanti Anugerah Makmur
SAPX,LOGISTIK,SAPX|Satria Antaran|Satria Antaran Prima
SATU,REALESTATE,SATU|Kota Satu|Kota Satu Properti
SBAT,TEKSTIL,SBAT|Sejahtera Bintang|Sejahtera Bintang Abadi Textile
SBMA,KIMIA,SBMA|Surya Biru|Surya Biru Murni Acetylene
SCCO,KABEL,SCCO|Supreme Cable|Supreme Cable Mnfctrg & Commerce
SCMA,PENYIARAN,SCMA|Surya Citra|Surya Citra Media
SCNP,RUMAHTANGGA,SCNP|Selaras Citra|Selaras Citra Nusantara Perkasa
SCPI,FARMASI,SCPI|Organon Pharma|Organon Pharma Indonesia
SDMU,LOGISTIK,SDMU|Sidomulyo Selaras
SDPC,OBAT,SDPC|Millennium Pharmacon|Millennium Pharmacon Internationl
SDRA,BANK,SDRA|Bank Woori|Bank Woori Saudara Indonesia 1906
SEMA,LISTRIK,SEMA|Semacom Integrated
SFAN,INVESTASI,SFAN|Surya Fajar|Surya Fajar Capital
SGER,BATUBARA,SGER|Sumber Global|Sumber Global Energi
SGRO,PANGAN,SGRO|Sampoerna Agro
SHID,HOTEL,SHID|Hotel Sahid|Hotel Sahid Jaya International
SHIP,TAMBANG,SHIP|Sillo Maritime|Sillo Maritime Perdana
SICO,TAMBANG,SICO|Sigma Energi|Sigma Energi Compressindo
SIDO,FARMASI,SIDO|Industri Jamu|Industri Jamu Dan Farmasi Sd Mncl
SILO,KESEHATAN,SILO|Siloam International|Siloam International Hospitals
SIMA,PLASTIK,SIMA|Siwani Makmur
SIMP,PANGAN,SIMP|Salim Ivomas|Salim Ivomas Pratama
SINI,BANGUNAN,SINI|Singaraja Putra
SIPD,BUDIDAYA,SIPD|Sreeya Sewu|Sreeya Sewu Indonesia
SKBM,MAKANAN,SKBM|Sekar Bumi
SKLT,MAKANAN,SKLT|Sekar Laut
SKRN,MESINKONSTRUKSI,SKRN|Superkrane Mitra|Superkrane Mitra Utama
SKYB,SOFTWARE,SKYB|Northcliff Citranusa|Northcliff Citranusa Indonesia
SLIS,ELEKTRONIK,SLIS|Gaya Abadi|Gaya Abadi Sempurna
SMAR,PANGAN,SMAR|Sinar Mas|Sinar Mas Agro Resources And Tech
SMBR,MATERIAL,SMBR|Semen Baturaja
SMCB,MATERIAL,SMCB|Solusi Bangun|Solusi Bangun Indonesia
SMDM,REALESTATE,SMDM|Suryamas Dutamakmur
SMDR,LOGISTIK,SMDR|Samudera Indonesia
SMGA,TAMBANG,SMGA|Sumber Mineral|Sumber Mineral Global Abadi Tb
SMGR,MATERIAL,SMGR|Semen Indonesia
SMIL,MESINKONSTRUKSI,SMIL|Sarana Mitra|Sarana Mitra Luas
SMKL,PLASTIK,SMKL|Satyamitra Kemas|Satyamitra Kemas Lestari
SMKM,KONSTRUKSI,SMKM|Sumber Mas|Sumber Mas Konstruksi
SMLE,KIMIA,SMLE|Sinergi Multi|Sinergi Multi Lestarindo
SMMA,INVESTASI,SMMA|Sinar Mas|Sinar Mas Multiartha
SMMT,BATUBARA,SMMT|Golden Eagle|Golden Eagle Energi
SMRA,REALESTATE,SMRA|Summarecon Agung
SMRU,TAMBANG,SMRU|Smr Utama
SMSM,OTOMOTIF,SMSM|Selamat Sempurna
SNLK,HOTEL,SNLK|Sunter Lakeside|Sunter Lakeside Hotel
SOCI,TAMBANG,SOCI|Soechi Lines
SOFA,FURNITUR,SOFA|Boston Furniture|Boston Furniture Industries
SOHO,FARMASI,SOHO|Soho Global|Soho Global Health
SOLA,MATERIAL,SOLA|Xolare Rcr|Xolare Rcr Energi
SONA,STORE,SONA|Sona Topas|Sona Topas Tourism Industry
SOSS,LINGKUNGAN,SOSS|Shield On|Shield On Service
SOTS,HOTEL,SOTS|Satria Mega|Satria Mega Kencana
SOUL,MAKANAN,SOUL|Mitra Tirta|Mitra Tirta Buwana
SPMA,PLASTIK,SPMA|Suparma
SPRE,TEKSTIL,SPRE|Soraya Berjaya|Soraya Berjaya Indonesia
SPTO,BANGUNAN,SPTO|Surya Pertiwi
SQMI,EMAS,SQMI|Wilton Makmur|Wilton Makmur Indonesia
SRAJ,KESEHATAN,SRAJ|Sejahteraraya Anugrahjaya
SRIL,TEKSTIL,SRIL|Sri Rejeki|Sri Rejeki Isman
SRSN,KIMIA,SRSN|Indo Acidatama
SRTG,INVESTASI,SRTG|Saratoga Investama|Saratoga Investama Sedaya
SSIA,KONSTRUKSI,SSIA|Surya Semesta|Surya Semesta Internusa
SSMS,PANGAN,SSMS|Sawit Sumbermas|Sawit Sumbermas Sarana
SSTM,TEKSTIL,SSTM|Sunson Textile|Sunson Textile Manufacturer
STAA,PANGAN,STAA|Sumber Tani|Sumber Tani Agung Resources
STAR,INVESTASI,STAR|Buana Artha|Buana Artha Anugerah
STRK,BEER,STRK|Lovina Beach|Lovina Beach Brewery
STTP,MAKANAN,STTP|Siantar Top
SUGI,TAMBANG,SUGI|Sugih Energi
SULI,KAYU,SULI|Slj Global
SUNI,TAMBANG,SUNI|Sunindo Pratama
SUPA,BANK,SUPA|Super Bank|Super Bank Indonesia
SUPR,TELEKOMUNIKASI,SUPR|Solusi Tunas|Solusi Tunas Pratama
SURE,TAMBANG,SURE|Super Energi
SURI,ALATKESEHATAN,SURI|Maja Agung|Maja Agung Latexindo
SWAT,KERTAS,SWAT|Sriwahana Adityakarta
SWID,REALESTATE,SWID|Saraswanti Indoland|Saraswanti Indoland Development
TALF,PLASTIK,TALF|Tunas Alfin
TAMA,KONSTRUKSI,TAMA|Lancartama Sejati
TAMU,TAMBANG,TAMU|Pelayaran Tamarin|Pelayaran Tamarin Samudra
TAPG,PANGAN,TAPG|Triputra Agro|Triputra Agro Persada
TARA,REALESTATE,TARA|Agung Semesta|Agung Semesta Sejahtera
TAXI,TRANSPORTASI,TAXI|Express Transindo|Express Transindo Utama
TAYS,MAKANAN,TAYS|Jaya Swarasa|Jaya Swarasa Agung
TBIG,TELEKOMUNIKASI,TBIG|Tower Bersama|Tower Bersama Infrastructure
TBLA,MAKANAN,TBLA|Tunas Baru|Tunas Baru Lampung
TBMS,TEMBAGA,TBMS|Tembaga Mulia|Tembaga Mulia Semanan
TCID,PERAWATAN,TCID|Mandom Indonesia
TCPI,BATUBARA,TCPI|Transcoal Pacific
TDPM,KIMIA,TDPM|Tridomain Performance|Tridomain Performance Materials
TEBE,BATUBARA,TEBE|Dana Brata|Dana Brata Luhur
TECH,TEKNOLOGI,TECH|Indosterling Technomedia
TELE,ELEKTRONIK,TELE|Tiphone Mobile|Tiphone Mobile Indonesia
TFAS,INTERNET,TFAS|Telefast Indonesia
TFCO,TEKSTIL,TFCO|Tifico Fiber|Tifico Fiber Indonesia
TGKA,MAKANAN,TGKA|Tigaraksa Satria
TGRA,LISTRIK,TGRA|Terregra Asia|Terregra Asia Energi
TGUK,MAKANAN,TGUK|Platinum Wahab|Platinum Wahab Nusantara
TIFA,PEMBIAYAAN,TIFA|Kdb Tifa|Kdb Tifa Finance
TINS,TAMBANG,TINS|Timah
TIRA,MESIN,TIRA|Tira Austenite
TIRT,KAYU,TIRT|Tirta Mahakam|Tirta Mahakam Resources
TKIM,KERTAS,TKIM|Pabrik Kertas|Pabrik Kertas Tjiwi Kimia
TLDN,PANGAN,TLDN|Teladan Prima|Teladan Prima Agro
TLKM,TELEKOMUNIKASI,TLKM|Telkom Indonesia
TMAS,LOGISTIK,TMAS|Temas
TMPO,FILM,TMPO|Tempo Inti|Tempo Inti Media
TNCA,LOGISTIK,TNCA|Trimuda Nuansa|Trimuda Nuansa Citra
TOBA,BATUBARA,TOBA|Tbs Energi|Tbs Energi Utama
TOOL,RUMAHTANGGA,TOOL|Rohartindo Nusantara|Rohartindo Nusantara Luas
TOPS,KONSTRUKSI,TOPS|Totalindo Eka|Totalindo Eka Persada
TOSK,INTERNET,TOSK|Topindo Solusi|Topindo Solusi Komunika
TOTL,KONSTRUKSI,TOTL|Total Bangun|Total Bangun Persada
TOTO,BANGUNAN,TOTO|Surya Toto|Surya Toto Indonesia
TOWR,TELEKOMUNIKASI,TOWR|Sarana Menara|Sarana Menara Nusantara
TOYS,OLAHRAGA,TOYS|Sunindo Adipersada
TPIA,KIMIA,TPIA|Chandra Asri|Chandra Asri Petrochemical
TPMA,BATUBARA,TPMA|Trans Power|Trans Power Marine
TRAM,BATUBARA,TRAM|Trada Alam|Trada Alam Minera
TRGU,MAKANAN,TRGU|Cerestar Indonesia
TRIL,MESIN,TRIL|Triwira Insanlestari
TRIM,INVESTASI,TRIM|Trimegah Sekuritas|Trimegah Sekuritas Indonesia
TRIN,REALESTATE,TRIN|Perintis Triniti|Perintis Triniti Properti
TRIO,ELEKTRONIK,TRIO|Trikomsel Oke
TRIS,PAKAIAN,TRIS|Trisula International
TRJA,TRANSPORTASI,TRJA|Transkon Jaya
TRON,SOFTWARE,TRON|Teknologi Karya|Teknologi Karya Digital Nusa
TRST,PLASTIK,TRST|Trias Sentosa
TRUK,LOGISTIK,TRUK|Guna Timur|Guna Timur Raya
TRUS,PEMBIAYAAN,TRUS|Trust Finance|Trust Finance Indonesia
TSPC,FARMASI,TSPC|Tempo Scan|Tempo Scan Pacific
TUGU,ASURANSI,TUGU|Asuransi Tugu|Asuransi Tugu Pratama Indonesia
TYRE,BAN,TYRE|King Tire|King Tire Indonesia
UANG,HOTEL,UANG|Pakuan
UCID,PERAWATAN,UCID|Uni-Charm Indonesia
UDNG,BUDIDAYA,UDNG|Agro Bahari|Agro Bahari Nusantara
UFOE,ELEKTRONIK,UFOE|Damai Sejahtera|Damai Sejahtera Abadi
ULTJ,SUSU,ULTJ|Ultrajaya Milk|Ultrajaya Milk Industry
UNIC,KIMIA,UNIC|Unggul Indah|Unggul Indah Cahaya
UNIQ,TAMBANG,UNIQ|Ulima Nitra
UNIT,TEKSTIL,UNIT|Nusantara Inti|Nusantara Inti Corpora
UNSP,PANGAN,UNSP|Bakrie Sumatera|Bakrie Sumatera Plantations
UNTD,OLAHRAGA,UNTD|Terang Dunia|Terang Dunia Internusa
UNTR,MESINKONSTRUKSI,UNTR|United Tractors
UNVR,PERAWATAN,UNVR|Unilever Indonesia
URBN,REALESTATE,URBN|Urban Jakarta|Urban Jakarta Propertindo
UVCR,INTERNET,UVCR|Trimegah Karya|Trimegah Karya Pratama
VAST,REALESTATE,VAST|Vastland Indonesia
VERN,FILM,VERN|Verona Indah|Verona Indah Pictures
VICI,PERAWATAN,VICI|Victoria Care|Victoria Care Indonesia
VICO,INVESTASI,VICO|Victoria Investama
VINS,ASURANSI,VINS|Victoria Insurance
VISI,KANTORAN,VISI|Satu Visi|Satu Visi Putra
VIVA,PENYIARAN,VIVA|Visi Media|Visi Media Asia
VKTR,OTOMOTIF,VKTR|Vktr Teknologi|Vktr Teknologi Mobilitas
VOKS,KABEL,VOKS|Voksel Electric
VRNA,PEMBIAYAAN,VRNA|Verena Multi|Verena Multi Finance
VTNY,PEMBIAYAAN,VTNY|Venteny Fortuna|Venteny Fortuna International
WAPO,PANGAN,WAPO|Wahana Pronatural
WEGE,KONSTRUKSI,WEGE|Wijaya Karya|Wijaya Karya Bangunan Gedung
WEHA,TRANSPORTASI,WEHA|Weha Transportasi|Weha Transportasi Indonesia
WGSH,SOFTWARE,WGSH|Wira Global|Wira Global Solusi
WICO,MAKANAN,WICO|Wicaksana Overseas|Wicaksana Overseas International
WIDI,MESINKONSTRUKSI,WIDI|Widiant Jaya|Widiant Jaya Krenindo
WIFI,INTERNET,WIFI|Solusi Sinergi|Solusi Sinergi Digital
WIIM,ROKOK,WIIM|Wismilak Inti|Wismilak Inti Makmur
WIKA,KONSTRUKSI,WIKA|Wijaya Karya
WINE,BEER,WINE|Hatten Bali
WINR,REALESTATE,WINR|Winner Nusantara|Winner Nusantara Jaya
WINS,TAMBANG,WINS|Wintermar Offshore|Wintermar Offshore Marine
WIRG,SOFTWARE,WIRG|Wir Asia
WMPP,BUDIDAYA,WMPP|Widodo Makmur|Widodo Makmur Perkasa
WMUU,BUDIDAYA,WMUU|Widodo Makmur|Widodo Makmur Unggas
WOMF,PEMBIAYAAN,WOMF|Wahana Ottomitra|Wahana Ottomitra Multiartha
WOOD,FURNITUR,WOOD|Integra Indocabinet
WOWS,TAMBANG,WOWS|Ginting Jaya|Ginting Jaya Energi
WSBP,MATERIAL,WSBP|Waskita Beton|Waskita Beton Precast
WSKT,KONSTRUKSI,WSKT|Waskita Karya
WTON,MATERIAL,WTON|Wijaya Karya|Wijaya Karya Beton
YELO,TRAVEL,YELO|Yelooo Integra|Yelooo Integra Datanet
YOII,ASURANSI,YOII|Asuransi Digital|Asuransi Digital Bersama
YPAS,PLASTIK,YPAS|Yanaprima Hastapersada
YULE,INVESTASI,YULE|Yulie Sekuritas|Yulie Sekuritas Indonesia
YUPI,MAKANAN,YUPI|Yupi Indo|Yupi Indo Jelly Gum
ZATA,PAKAIAN,ZATA|Bersama Zatta|Bersama Zatta Jaya
ZBRA,MULTISEKTOR,ZBRA|Dosni Roha|Dosni Roha Indonesia
ZINC,TAMBANG,ZINC|Kapuas Prima|Kapuas Prima Coal
ZONE,TEKSTIL,ZONE|Mega Perintis
ZYRX,KOMPUTER,ZYRX|Zyrexindo Mandiri|Zyrexindo Mandiri Buana
TRUE,REALESTATE,TRUE|Triniti Dinamik
